<?xml version="1.0" encoding="UTF-8"?>
<metadata xml:lang="en"><Esri><CreaDate>20241021</CreaDate><CreaTime>17154500</CreaTime><ArcGISFormat>1.0</ArcGISFormat><SyncOnce>TRUE</SyncOnce><DataProperties><lineage><Process ToolSource="c:\program files\arcgis\pro\Resources\ArcToolbox\toolboxes\Conversion Tools.tbx\PolygonToRaster" Date="20241021" Time="171545">PolygonToRaster D:/DataProducts/SpeciesRichness_RWR\SR_RWR_ISEA10.gdb/sr_rwr_results_2024 combined_sr D:\DataProducts\SpeciesRichness_RWR\SR_RWR_2024\Combined_SR_2024.tif "Maximum combined area" NONE D:/DataProducts/SpeciesRichness_RWR\WorkingFolder_pro/InputRasters\Snap_template_Moll.tif BUILD</Process></lineage></DataProperties></Esri></metadata>
